{
 "axes": {
  "imu1": {
   "a": [
    -0.1098179212130727,
    0.15185855536914575,
    0.9822825476112438
   ],
   "b": [
    -0.973528844526652,
    0.1329593591920694,
    0.18591233869175014
   ],
   "c": [
    -0.1892961891565306,
    0.9816734373837491,
    -0.022004888229419792
   ]
  },
  "imu2": {
   "a": [
    -0.00993651933271338,
    0.0954634532310119,
    -0.995383340568226
   ]
  },
  "imu3": {
   "a": [
    0.3074749176709599,
    0.15595080613910617,
    0.9386897895832251
   ],
   "b": [
    0.03166936283162302,
    0.1321347011656376,
    0.9907257300614063
   ],
   "c": [
    0.9937028146020239,
    -0.10812292076098305,
    0.029396432744977403
   ]
  }
 }
}