{
 "axes": {
  "imu1": {
   "a": [
    0.5084285942830948,
    0.05671646035219585,
    -0.8592343147479818
   ],
   "b": [
    0.7243908253679741,
    0.24139013259050793,
    0.6457466500189083
   ],
   "c": [
    0.1726779492584824,
    0.9784734652137653,
    0.11301328998153724
   ]
  },
  "imu2": {
   "a": [
    0.9445368227823321,
    -0.1265623888608153,
    -0.303038202433457
   ]
  },
  "imu3": {
   "a": [
    0.9940895890951709,
    0.049863493287367416,
    0.09643402350713745
   ],
   "b": [
    0.24041985025889415,
    -0.009972540511062748,
    0.9706177641261499
   ],
   "c": [
    -0.017514527548930733,
    0.9997306787618883,
    -0.015225349487998651
   ]
  }
 },
 "anchor": {
  "imu1": {
   "p1": [
    -0.4169505336898432,
    -0.9024088969019998,
    0.1086758264190841
   ],
   "p2": [
    -0.9930397848866578,
    -0.04171168317065207,
    0.11014590831860985
   ]
  },
  "imu2": {
   "p1": [
    -0.3083319360457462,
    -0.9436754096277336,
    0.12003390553594011
   ],
   "p2": [
    -0.8575946216618995,
    -0.14296903447614812,
    0.49405598880849694
   ]
  },
  "imu3": {
   "p1": [
    0.34545140321385787,
    0.8968642059754496,
    0.27622078860506316
   ],
   "p2": [
    0.09397612790896721,
    0.10322926394171392,
    0.9902081631905937
   ]
  }
 }
}