{
 "axes": {
  "imu1": {
   "a": [
    0.027923043348507568,
    0.05116360805823148,
    0.9982998491738948
   ],
   "b": [
    -0.9908742590553054,
    -0.09720607586090099,
    -0.09337655785754931
   ],
   "c": [
    0.06686208259218139,
    0.9966518931617432,
    -0.04705811055014325
   ]
  },
  "imu2": {
   "a": [
    -0.00993651933271338,
    0.0954634532310119,
    -0.995383340568226
   ]
  },
  "imu3": {
   "a": [
    -0.1453918068526421,
    -0.9892221758329477,
    -0.017340972880805938
   ],
   "b": [
    0.03166936283162302,
    0.1321347011656376,
    0.9907257300614063
   ],
   "c": [
    0.9937028146020239,
    -0.10812292076098305,
    0.029396432744977403
   ]
  }
 }
}